﻿<?xml version="1.0" encoding="utf-8"?>
<BookNetworkStations SelectIndex="0">

  <BookNetworkStation NetworkStationName="新阅搜书之百度" Url="http://www.baidu.com" />
  <BookNetworkStation NetworkStationName="天下书库" Url="http://book.txshuku.net" />
  <BookNetworkStation NetworkStationName="努努书坊" Url="http://www.kanunu8.com" />
  <BookNetworkStation NetworkStationName="全本小说网" Url="https://www.ybdu.com" />
  <BookNetworkStation NetworkStationName="悠读文学网" Url="http://www.yooread.com" />
  <BookNetworkStation NetworkStationName="天涯书库" Url="http://www.tianyashuku.com" />
  <BookNetworkStation NetworkStationName="五二书库" Url="https://www.52shuku.com" />
  <BookNetworkStation NetworkStationName="八零电子书" Url="http://www.80txt.com" />
  <BookNetworkStation NetworkStationName="小说天堂" Url="http://www.xiaoshuotxt.org" />
  <BookNetworkStation NetworkStationName="顶点小说" Url="http://www.x23us.com" />
  <BookNetworkStation NetworkStationName="笔趣阁" Url="http://www.qu.la" />
  <BookNetworkStation NetworkStationName="啃星书库" Url="http://www.kenxing.org" />
  <BookNetworkStation NetworkStationName="百万书库" Url="http://www.millionbook.com" />
  <BookNetworkStation NetworkStationName="无忧书城" Url="https://www.51shucheng.com" />
  <BookNetworkStation NetworkStationName="世界名著网" Url="http://t.icesmall.cn" />
  <BookNetworkStation NetworkStationName="三易文学" Url="http://www.31wxw8.com" />
  <BookNetworkStation NetworkStationName="九九藏书网" Url="http://www.99lib.net" />
  <BookNetworkStation NetworkStationName="书本网" Url="http://www.bookben.com" />
  <BookNetworkStation NetworkStationName="读书369" Url="http://www.dushu369.com" />
  <BookNetworkStation NetworkStationName="梦远书城" Url="http://www.my285.com" />
  <BookNetworkStation NetworkStationName="凤凰小说" Url="http://www.fhxs.com" />
  <BookNetworkStation NetworkStationName="全书网" Url="http://www.quanshuwang.com" />
  <BookNetworkStation NetworkStationName="傲世中文网" Url="http://www.23zw.com" />
  <BookNetworkStation NetworkStationName="136书屋" Url="http://www.136book.com" />
  <BookNetworkStation NetworkStationName="69中文网" Url="http://www.69zw.com" />
  <BookNetworkStation NetworkStationName="无图" Url="http://www.wutuxs.com" />
  <BookNetworkStation NetworkStationName="5200小说网" Url="http://www.5200xs.org" />
  <BookNetworkStation NetworkStationName="黑岩阁" Url="http://www.heiyuege.com" />
  <BookNetworkStation NetworkStationName="趣读屋" Url="http://www.qvduwu.com" />
  <BookNetworkStation NetworkStationName="天天小说网" Url="http://www.360118.com" />
  <BookNetworkStation NetworkStationName="雅尔文" Url="https://www.yaerwen.org" />
  <BookNetworkStation NetworkStationName="燃文小说" Url="https://www.ranwena.com" />
  <BookNetworkStation NetworkStationName="易看小说" Url="http://yikanxiaoshuo.com" />
  <BookNetworkStation NetworkStationName="秋语阁" Url="http://www.qiuyuge.org" />
  <BookNetworkStation NetworkStationName="思路客" Url="http://www.siluke.org" />
  <BookNetworkStation NetworkStationName="书书网" Url="http://www.shushu8.com" />
  <BookNetworkStation NetworkStationName="鬼大爷名著阅读" Url="http://book.guidaye.com" />
  <BookNetworkStation NetworkStationName="女生文学" Url="http://www.wenxuemm.com" />
  <BookNetworkStation NetworkStationName="品书网" Url="https://www.vodtw.com" />
  <BookNetworkStation NetworkStationName="看书啦" Url="www.kanshula.org" />
  <BookNetworkStation NetworkStationName="看书啦2" Url="http://www.kanshula.org" />
  <BookNetworkStation NetworkStationName="菠萝小说" Url="http://www.boluoxs.com" />
</BookNetworkStations>